day_type,hour_local,vehicles,n_days,n_sites,share_of_day
Public holiday,0,24122093.0,13,4550,0.018221704333598914
Public holiday,1,17438329.0,13,4550,0.013172823565103726
Public holiday,2,12071693.0,13,4550,0.009118894477853795
Public holiday,3,9778030.0,13,4550,0.0073862733065932626
Public holiday,4,10034867.0,13,4550,0.007580286648467392
Public holiday,5,13693595.0,13,4550,0.010344070862924225
Public holiday,6,24169248.0,13,4550,0.018257324976793138
Public holiday,7,32076972.0,13,4550,0.02423077880104065
Public holiday,8,44124862.0,13,4550,0.033331692615763235
Public holiday,9,66532078.0,13,4550,0.05025798773000092
Public holiday,10,84870773.0,13,4550,0.06411094311633696
Public holiday,11,98686014.0,13,4550,0.07454690473871414
Public holiday,12,103950227.0,13,4550,0.07852346402132232
Public holiday,13,97944138.0,13,4550,0.07398649544404004
Public holiday,14,95438359.0,13,4550,0.07209364294308412
Public holiday,15,93349148.0,13,4550,0.0705154637555442
Public holiday,16,90634676.0,13,4550,0.06846496564139495
Public holiday,17,89261263.0,13,4550,0.06742749656216036
Public holiday,18,79042731.0,13,4550,0.05970847032229721
Public holiday,19,65031156.0,13,4550,0.049124199011426874
Public holiday,20,55885744.0,13,4550,0.042215802071205
Public holiday,21,49294315.0,13,4550,0.03723667068430961
Public holiday,22,39124417.0,13,4550,0.0295543823165938
Public holiday,23,27256292.0,13,4550,0.020589262053431163
Saturday,0,95898839.0,48,4570,0.015493229910591612
Saturday,1,63505971.0,48,4570,0.01025990115895317
Saturday,2,45934722.0,48,4570,0.007421124345677538
Saturday,3,38177722.0,48,4570,0.00616791851263863
Saturday,4,41543997.0,48,4570,0.006711767354409037
Saturday,5,67363382.0,48,4570,0.010883096977649631
Saturday,6,123074460.0,48,4570,0.019883670384183805
Saturday,7,180108231.0,48,4570,0.02909793549922897
Saturday,8,268404330.0,48,4570,0.043362881522354006
Saturday,9,359803224.0,48,4570,0.05812910907090433
Saturday,10,420407616.0,48,4570,0.06792023677003757
Saturday,11,456572189.0,48,4570,0.07376291484570618
Saturday,12,469498897.0,48,4570,0.07585132864841221
Saturday,13,450660045.0,48,4570,0.07280776035987842
Saturday,14,436493957.0,48,4570,0.07051911473490194
Saturday,15,421816345.0,48,4570,0.06814782828737302
Saturday,16,406163527.0,48,4570,0.06561898945520898
Saturday,17,405013042.0,48,4570,0.0654331193362424
Saturday,18,352256670.0,48,4570,0.05690990248431891
Saturday,19,279572900.0,48,4570,0.04516725396926691
Saturday,20,234038089.0,48,4570,0.03781073846694329
Saturday,21,217544786.0,48,4570,0.03514611251287882
Saturday,22,197467258.0,48,4570,0.03190242613894534
Saturday,23,158405220.0,48,4570,0.025591639253295283
Sunday,0,119598821.0,50,4573,0.021080412814545903
Sunday,1,82316369.0,50,4573,0.014509031321592116
Sunday,2,59716906.0,50,4573,0.010525664216099864
Sunday,3,47317468.0,50,4573,0.008340147088733138
Sunday,4,42601129.0,50,4573,0.007508848148977346
Sunday,5,52033163.0,50,4573,0.009171332517454797
Sunday,6,89669464.0,50,4573,0.015805083212141885
Sunday,7,126145407.0,50,4573,0.022234309937042843
Sunday,8,194088778.0,50,4573,0.03420996568946741
Sunday,9,307427557.0,50,4573,0.054186987446367386
Sunday,10,379967364.0,50,4573,0.06697280811133437
Sunday,11,429377449.0,50,4573,0.07568179855365488
Sunday,12,458910385.0,50,4573,0.0808872552404358
Sunday,13,442684759.0,50,4573,0.0780273366275723
Sunday,14,428487799.0,50,4573,0.07552498940534011
Sunday,15,419995558.0,50,4573,0.07402815235875575
Sunday,16,405088690.0,50,4573,0.07140067719984976
Sunday,17,388581043.0,50,4573,0.06849104974326471
Sunday,18,318246228.0,50,4573,0.05609387957856287
Sunday,19,253269281.0,50,4573,0.044641083850845205
Sunday,20,218149328.0,50,4573,0.03845086306875698
Sunday,21,186251736.0,50,4573,0.032828613605696166
Sunday,22,136513882.0,50,4573,0.024061850806005914
Sunday,23,87018690.0,50,4573,0.01533785945750249
Weekday,0,266095550.0,248,4583,0.0074228639193500015
Weekday,1,173990369.0,248,4583,0.004853545398878309
Weekday,2,139330719.0,248,4583,0.003886697717876882
Weekday,3,148437088.0,248,4583,0.004140724280464596
Weekday,4,281803062.0,248,4583,0.007861032554968136
Weekday,5,776287076.0,248,4583,0.021654903013215036
Weekday,6,1526823052.0,248,4583,0.042591466651444004
Weekday,7,2073084188.0,248,4583,0.05782968494166924
Weekday,8,2499558166.0,248,4583,0.06972638258970532
Weekday,9,2121030680.0,248,4583,0.05916717549920094
Weekday,10,1978226355.0,248,4583,0.05518357986383751
Weekday,11,2040558068.0,248,4583,0.0569223531107369
Weekday,12,2121951227.0,248,4583,0.05919285460248683
Weekday,13,2137001283.0,248,4583,0.05961268318536466
Weekday,14,2325285268.0,248,4583,0.06486495590788083
Weekday,15,2612828290.0,248,4583,0.07288610742005254
Weekday,16,2671980647.0,248,4583,0.07453619099536904
Weekday,17,2659267175.0,248,4583,0.07418154255198671
Weekday,18,2106618603.0,248,4583,0.05876514364873898
Weekday,19,1523178317.0,248,4583,0.04248979500782917
Weekday,20,1254676135.0,248,4583,0.03499979692618314
Weekday,21,1082905214.0,248,4583,0.030208164101491332
Weekday,22,808263722.0,248,4583,0.022546907001463723
Weekday,23,518917312.0,248,4583,0.014475449109806186
