level,site_relation,closure_type,work_window,time_band,road_class,n_closures,p10,p50,p90,mean_change,share_over_15pct_drop
1,cross street,lanes closed,24 hours,AM peak,high (>40k/day),57,-0.7448574730720552,-0.017664416425694718,0.21169240573689288,-0.1515063259465447,0.2807017543859649
1,cross street,lanes closed,24 hours,Inter-peak,high (>40k/day),57,-0.8146962242274445,-0.033945103134643495,0.029088283059819517,-0.20327559557798627,0.2807017543859649
1,cross street,lanes closed,24 hours,Night,high (>40k/day),57,-0.7181038027423492,-0.007021796752046394,0.2690280893261383,-0.13261768779259997,0.3333333333333333
1,cross street,lanes closed,24 hours,PM peak,high (>40k/day),57,-0.8155274274349651,-0.05632428596771333,0.040886450000507925,-0.1990948966043765,0.2807017543859649
1,cross street,lanes closed,night,AM peak,high (>40k/day),248,-0.19882703802779306,0.002034339653348427,0.1237392532573256,-0.0337341611882304,0.14112903225806453
1,cross street,lanes closed,night,Inter-peak,high (>40k/day),248,-0.1803038087194753,-0.008823111426296132,0.048927458477639574,-0.04597007430766423,0.10483870967741936
1,cross street,lanes closed,night,Night,high (>40k/day),248,-0.3523943549557274,-0.015967341168709348,0.11010298750514735,-0.07715006170736528,0.25806451612903225
1,cross street,lanes closed,night,PM peak,high (>40k/day),248,-0.1967445869147341,-0.006980732580179672,0.06930837477509302,-0.039959150595426894,0.10887096774193548
1,cross street,lanes closed,night,AM peak,low (<20k/day),91,-0.1092077087794433,0.030226337737465026,0.25720457204572056,0.1906214425026417,0.054945054945054944
1,cross street,lanes closed,night,Inter-peak,low (<20k/day),90,-0.09656935348239087,0.03249196116031117,0.11132683101579356,0.002257173618257052,0.06666666666666667
1,cross street,lanes closed,night,Night,low (<20k/day),91,-0.11378205128205132,-0.00772974520469516,0.08384977747533007,0.8843855229993269,0.0989010989010989
1,cross street,lanes closed,night,PM peak,low (<20k/day),90,-0.13694124834774773,0.027207390370318024,0.15859151330623322,0.008067896151376793,0.1
1,cross street,lanes closed,night,AM peak,medium (20-40k/day),152,-0.04372675140535315,0.03187654761069225,0.13111620466412766,0.03314521069212166,0.03289473684210526
1,cross street,lanes closed,night,Inter-peak,medium (20-40k/day),152,-0.0462322776185321,0.01018180342927999,0.11283355730466504,0.022820575595567116,0.013157894736842105
1,cross street,lanes closed,night,Night,medium (20-40k/day),152,-0.18311101311873001,0.0021661834409846537,0.08575146389069621,-0.020326084526255596,0.1118421052631579
1,cross street,lanes closed,night,PM peak,medium (20-40k/day),152,-0.04805997398327594,0.021218525536136013,0.107602773650322,0.02641006970299975,0.019736842105263157
1,cross street,ramp closed,24 hours,AM peak,high (>40k/day),24,-0.3637651222484168,-0.11940903196346939,0.22894383015752445,-0.12701327648977204,0.4583333333333333
1,cross street,ramp closed,24 hours,Inter-peak,high (>40k/day),24,-0.2854977140380385,-0.16908957857748952,-0.017265395420371758,-0.16206046958624098,0.5416666666666666
1,cross street,ramp closed,24 hours,Night,high (>40k/day),24,-0.25717848869246424,-0.0770755643803378,0.1899999508881229,-0.07316820621225592,0.375
1,cross street,ramp closed,24 hours,PM peak,high (>40k/day),24,-0.2750834242929476,-0.14239585662784293,0.02481811512205641,-0.1356548550584559,0.4583333333333333
1,cross street,ramp closed,night,AM peak,high (>40k/day),27,-0.03132648066568766,-0.0018794730275304983,0.10052108716241359,0.0012774422457351904,0.037037037037037035
1,cross street,ramp closed,night,Inter-peak,high (>40k/day),27,-0.026663140432284238,0.012813955738633975,0.09690880417609778,0.011641740287276723,0.037037037037037035
1,cross street,ramp closed,night,Night,high (>40k/day),27,-0.03549839021212322,0.021509315469960155,0.08108426241009077,0.006661170481929301,0.037037037037037035
1,cross street,ramp closed,night,PM peak,high (>40k/day),27,-0.04597701149425293,-0.012335552260466343,0.07375381410853593,-0.004513630603689558,0.037037037037037035
1,cross street,ramp closed,night,AM peak,low (<20k/day),25,-0.11851450690720555,0.004898551328090861,0.08662080535434602,-0.004073552100734596,0.08
1,cross street,ramp closed,night,Inter-peak,low (<20k/day),25,-0.18158710270664868,0.009522415758745462,0.05689230572869386,-0.0055010220661902845,0.16
1,cross street,ramp closed,night,Night,low (<20k/day),25,-0.2664842282531252,0.012798407379586985,0.14477556356467136,-0.008595924427234605,0.16
1,cross street,ramp closed,night,PM peak,low (<20k/day),25,-0.033220039771372,0.045519533571004134,0.10143922316629106,0.038270819501482214,0.08
1,cross street,ramp closed,night,AM peak,medium (20-40k/day),30,-0.022863762407059417,0.0709044628529113,0.14895569672156744,0.05372296703848057,0.0
1,cross street,ramp closed,night,Inter-peak,medium (20-40k/day),30,-0.0663502727356775,0.04266649819602364,0.10705390456543708,0.03977612413063178,0.0
1,cross street,ramp closed,night,Night,medium (20-40k/day),30,-0.010845994635547982,0.030250597974934346,0.11323867434919177,0.05915995665575225,0.0
1,cross street,ramp closed,night,PM peak,medium (20-40k/day),30,-0.08823382305935246,0.037406428002653924,0.1048997713554148,0.03417715350724252,0.0
1,cross street,unspecified,unspecified,AM peak,high (>40k/day),142,-0.13128259609159884,-0.008094251899502275,0.09091821963787283,-0.009376182966067528,0.08450704225352113
1,cross street,unspecified,unspecified,Inter-peak,high (>40k/day),142,-0.1158444889551055,-0.006221847595542118,0.07356343670925936,-0.02262167175922576,0.07746478873239436
1,cross street,unspecified,unspecified,Night,high (>40k/day),142,-0.14444074143432165,0.0024672882168525756,0.14034958347808565,0.008247658653046365,0.09154929577464789
1,cross street,unspecified,unspecified,PM peak,high (>40k/day),142,-0.08982971535812678,-0.005464383296494679,0.08434111782238861,-0.009628574850320615,0.06338028169014084
1,cross street,unspecified,unspecified,AM peak,low (<20k/day),112,-0.2256089295573114,0.007819129418875526,0.27805839500208385,0.16572974458455536,0.15178571428571427
1,cross street,unspecified,unspecified,Inter-peak,low (<20k/day),112,-0.25165235928088364,-0.002700756692742695,0.17323103085724395,0.09802424397136841,0.14285714285714285
1,cross street,unspecified,unspecified,Night,low (<20k/day),112,-0.44779270975170704,0.008373595886224106,0.37834314260248814,0.2035685496982191,0.17857142857142858
1,cross street,unspecified,unspecified,PM peak,low (<20k/day),112,-0.33345694874480597,0.018437831340575167,0.28336645197099697,0.14140359191600727,0.13392857142857142
1,cross street,unspecified,unspecified,AM peak,medium (20-40k/day),113,-0.12862384788675918,0.0074080106219653885,0.2601914093594293,0.0499219850740366,0.09734513274336283
1,cross street,unspecified,unspecified,Inter-peak,medium (20-40k/day),113,-0.1197574950506964,0.0131703283723128,0.19265989044774945,0.04622579239898825,0.08849557522123894
1,cross street,unspecified,unspecified,Night,medium (20-40k/day),113,-0.11438812979607073,0.0271257074130431,0.5586956388986337,0.1144186660591545,0.08849557522123894
1,cross street,unspecified,unspecified,PM peak,medium (20-40k/day),113,-0.12692603565375635,0.01981952948759269,0.20870198084609864,0.05148143366887591,0.08849557522123894
1,same street,lanes closed,24 hours,AM peak,high (>40k/day),64,-0.44937881651264383,-0.08317923946401223,0.06321506358336096,-0.13921536733641954,0.375
1,same street,lanes closed,24 hours,Inter-peak,high (>40k/day),64,-0.3558418612421965,-0.04879217344402395,0.038074062654856335,-0.15844047493752697,0.390625
1,same street,lanes closed,24 hours,Night,high (>40k/day),64,-0.32770129356455696,-0.10913682854163531,0.08135169476800612,-0.14181354546515468,0.34375
1,same street,lanes closed,24 hours,PM peak,high (>40k/day),64,-0.3482838161804953,-0.06425452803553205,0.06170628115633876,-0.16245322924397335,0.453125
1,same street,lanes closed,24 hours,AM peak,medium (20-40k/day),42,-0.7756880185512894,-0.06076711582576569,0.07121060186891062,-0.2052520349963646,0.38095238095238093
1,same street,lanes closed,24 hours,Inter-peak,medium (20-40k/day),42,-0.5248872456895887,-0.09129205271884,0.08669110427030541,-0.18436047112591153,0.35714285714285715
1,same street,lanes closed,24 hours,Night,medium (20-40k/day),42,-0.6712417203392544,-0.09187941896555768,0.1489194317629187,-0.18400716947680018,0.4523809523809524
1,same street,lanes closed,24 hours,PM peak,medium (20-40k/day),42,-0.5772285472670711,-0.10669859724971806,0.10401034536670185,-0.19665847418254914,0.35714285714285715
1,same street,lanes closed,day,AM peak,high (>40k/day),27,-0.14711445704217424,-0.024026727390125124,0.14130970333637766,-0.010238792503854703,0.037037037037037035
1,same street,lanes closed,day,Inter-peak,high (>40k/day),27,-0.10557563208614675,0.010239681875513273,0.07097149426543856,-0.00814822885060055,0.037037037037037035
1,same street,lanes closed,day,Night,high (>40k/day),27,-0.20035395651544147,0.00847867056653806,0.043699663712337355,-0.038125258741536217,0.14814814814814814
1,same street,lanes closed,day,PM peak,high (>40k/day),27,-0.11196349988580045,-0.0019293692157949516,0.055487053020961685,-0.020103683683933258,0.07407407407407407
1,same street,lanes closed,day,AM peak,low (<20k/day),22,-0.09939021712880636,-0.025369978858350906,0.3126889420286107,0.010594070415790989,0.045454545454545456
1,same street,lanes closed,day,Inter-peak,low (<20k/day),22,-0.22379042630012264,-0.01572220828690407,0.25823104437448624,-0.01683446545503224,0.2727272727272727
1,same street,lanes closed,day,Night,low (<20k/day),22,-0.07435377032958816,-0.0022574040837335385,0.22205730136942714,0.039977061643339924,0.045454545454545456
1,same street,lanes closed,day,PM peak,low (<20k/day),22,-0.12242424242424244,-0.015662764887691583,0.2659466939966957,0.007069597693802047,0.045454545454545456
1,same street,lanes closed,day,AM peak,medium (20-40k/day),28,-0.09747398741603075,-0.0021931247313370372,0.08407501142025031,0.0057947496464003795,0.03571428571428571
1,same street,lanes closed,day,Inter-peak,medium (20-40k/day),28,-0.10017806804446563,-0.0013585857042351934,0.13130467989089745,0.014207969147654638,0.10714285714285714
1,same street,lanes closed,day,Night,medium (20-40k/day),28,-0.07280223196371739,0.02479406076974744,0.10025109303162497,0.018938013776226514,0.03571428571428571
1,same street,lanes closed,day,PM peak,medium (20-40k/day),28,-0.07768143596752336,0.0447657334783636,0.12957836477263537,0.02756805455509324,0.03571428571428571
1,same street,lanes closed,night,AM peak,high (>40k/day),218,-0.12306523395261745,0.008067769261799196,0.05818702507866902,-0.026884357427161464,0.07339449541284404
1,same street,lanes closed,night,Inter-peak,high (>40k/day),218,-0.09950594095790288,0.0020729479006174056,0.042712221414061516,-0.03231845030290124,0.0871559633027523
1,same street,lanes closed,night,Night,high (>40k/day),218,-0.2922226941596931,-0.009116519167406717,0.05906471114403955,-0.06356543863600901,0.14220183486238533
1,same street,lanes closed,night,PM peak,high (>40k/day),218,-0.09616406058963388,-0.00017533467319794105,0.05194786487277796,-0.0270947123519473,0.0779816513761468
1,same street,lanes closed,night,AM peak,low (<20k/day),100,-0.23730359147025815,0.02154765827145022,0.2137565097404342,0.5570667080228785,0.19
1,same street,lanes closed,night,Inter-peak,low (<20k/day),100,-0.12949105659887858,0.0204641527047541,0.10800016967898239,0.6507499765470384,0.09
1,same street,lanes closed,night,Night,low (<20k/day),100,-0.31614199154341516,-0.01156678878921838,0.10722314438162057,0.6818438691651639,0.27
1,same street,lanes closed,night,PM peak,low (<20k/day),100,-0.1748951274604711,0.029213628076227627,0.2239018824871648,0.9282367072750042,0.12
1,same street,lanes closed,night,AM peak,medium (20-40k/day),171,-0.2782302175762732,0.009814796327724307,0.10118955661980533,-0.01426994598956288,0.14035087719298245
1,same street,lanes closed,night,Inter-peak,medium (20-40k/day),171,-0.0699781159346532,0.010282213957558461,0.1068024254120648,-9.508404161882565e-05,0.04093567251461988
1,same street,lanes closed,night,Night,medium (20-40k/day),171,-0.30963314953564675,-0.009789798340515521,0.08493832603218399,-0.06044678414299957,0.19883040935672514
1,same street,lanes closed,night,PM peak,medium (20-40k/day),171,-0.08195957868563458,0.02392626005099041,0.11942760614520453,0.007861478327735481,0.05263157894736842
1,same street,ramp closed,night,AM peak,high (>40k/day),22,-0.1855828220858896,-0.02085552064556756,0.06354105151454655,-0.046347834776341884,0.2727272727272727
1,same street,ramp closed,night,Inter-peak,high (>40k/day),22,-0.18812262174526484,-0.0160659447728993,0.026322168064995235,-0.057102301351252605,0.2727272727272727
1,same street,ramp closed,night,Night,high (>40k/day),22,-0.15503659422314098,-0.03318844546018518,0.04187814657939752,-0.0403269146424213,0.18181818181818182
1,same street,ramp closed,night,PM peak,high (>40k/day),22,-0.14005989403363284,-0.043349817122765394,0.03728817561473893,-0.05150453133485229,0.0
1,same street,unspecified,unspecified,AM peak,high (>40k/day),514,-0.19284251645260694,-0.00479814202579093,0.24100398923197322,0.006458583507546187,0.13229571984435798
1,same street,unspecified,unspecified,Inter-peak,high (>40k/day),514,-0.17709535174164626,-0.003336651780525668,0.08695466121841929,-0.024750828322506756,0.11867704280155641
1,same street,unspecified,unspecified,Night,high (>40k/day),514,-0.2258598894856273,0.0014521817301706985,0.22080167419846625,-0.0021223845035872363,0.14980544747081712
1,same street,unspecified,unspecified,PM peak,high (>40k/day),514,-0.17603802386896464,-0.004806699500255113,0.1397190199215492,-0.016022264399193506,0.1303501945525292
1,same street,unspecified,unspecified,AM peak,low (<20k/day),220,-0.37695360168156344,-0.010257935112365724,0.37389921722113506,0.05581334356356052,0.2636363636363636
1,same street,unspecified,unspecified,Inter-peak,low (<20k/day),221,-0.37896138482023967,-0.043483600095564845,0.26331116246844344,0.0240998405582179,0.3031674208144796
1,same street,unspecified,unspecified,Night,low (<20k/day),221,-0.3756116579499541,-0.009487303989794416,0.41525496463448486,0.07466942859522203,0.26244343891402716
1,same street,unspecified,unspecified,PM peak,low (<20k/day),220,-0.43490663607173813,-0.028410518750091596,0.3128335633267139,0.07674408379386702,0.2818181818181818
1,same street,unspecified,unspecified,AM peak,medium (20-40k/day),267,-0.2689451209911655,0.0071260249904904205,0.30224631032573457,0.008045929771913507,0.1760299625468165
1,same street,unspecified,unspecified,Inter-peak,medium (20-40k/day),267,-0.2308447120614318,-0.004021764845043796,0.17602780803500623,-0.022124544046170164,0.15730337078651685
1,same street,unspecified,unspecified,Night,medium (20-40k/day),267,-0.2744029506026422,-0.029674781688194596,0.20874455595305505,-0.020787866082821436,0.23595505617977527
1,same street,unspecified,unspecified,PM peak,medium (20-40k/day),267,-0.25363627243117776,-0.004343925012940453,0.19191436683899252,-0.012167271363460233,0.14606741573033707
2,cross street,lanes closed,24 hours,AM peak,any,79,-0.7253182458953971,-0.012325266796933687,0.15907464647727854,-0.15673402869247646,0.2911392405063291
2,cross street,lanes closed,24 hours,Inter-peak,any,79,-0.7568414492023753,-0.033945103134643495,0.08742760135809857,-0.19411550551011864,0.2911392405063291
2,cross street,lanes closed,24 hours,Night,any,79,-0.7338423637862235,-0.00817340582580206,0.2690280893261383,-0.13721274278853057,0.34177215189873417
2,cross street,lanes closed,24 hours,PM peak,any,79,-0.7537126663893171,-0.05632428596771333,0.13582428679626357,-0.1903869703536756,0.2911392405063291
2,cross street,lanes closed,day,AM peak,any,25,-0.09226738452437112,0.047991413883131884,0.17072589749120956,0.042860888411325605,0.04
2,cross street,lanes closed,day,Inter-peak,any,25,-0.037588139226458595,0.01483427039070162,0.2320778803710143,0.05455480464618713,0.04
2,cross street,lanes closed,day,Night,any,25,-0.06781751245943218,0.03680648849785073,0.16363951107174346,0.046940372733685266,0.04
2,cross street,lanes closed,day,PM peak,any,25,-0.042108196623910486,0.03324808184143224,0.19997207112609955,0.06282168422188807,0.0
2,cross street,lanes closed,night,AM peak,any,491,-0.13790952462227424,0.014329255663957485,0.144049126052875,0.028551021014789707,0.09164969450101833
2,cross street,lanes closed,night,Inter-peak,any,490,-0.08731733584007913,0.005051566663728302,0.09645803008248421,-0.015772867983941615,0.06938775510204082
2,cross street,lanes closed,night,Night,any,491,-0.2883981375569378,-0.009928466809195846,0.1046631001623528,0.11864827381165235,0.18329938900203666
2,cross street,lanes closed,night,PM peak,any,490,-0.09270156667940388,0.008183354565364342,0.09693641733789726,-0.010549853263644892,0.07959183673469387
2,cross street,ramp closed,24 hours,AM peak,any,31,-0.3753248360351442,-0.11813916906108568,0.2519005926209869,-0.12440606718327,0.41935483870967744
2,cross street,ramp closed,24 hours,Inter-peak,any,31,-0.2913262786989271,-0.14569553363962817,0.009448068113896424,-0.15792452484785596,0.4838709677419355
2,cross street,ramp closed,24 hours,Night,any,31,-0.27127687838026954,-0.07088769915888643,0.21497438304624872,-0.09392562145422884,0.3870967741935484
2,cross street,ramp closed,24 hours,PM peak,any,31,-0.3499673309356311,-0.12999711781355738,0.04521592683009201,-0.14789305633951155,0.41935483870967744
2,cross street,ramp closed,night,AM peak,any,82,-0.044399655163252366,0.018656310253552744,0.12020271942585618,0.018833428649645146,0.036585365853658534
2,cross street,ramp closed,night,Inter-peak,any,82,-0.0663502727356775,0.013915419312359512,0.10385851419977042,0.016708355610008142,0.06097560975609756
2,cross street,ramp closed,night,Night,any,82,-0.03743786883127794,0.023211671998718764,0.11014250711630802,0.021216490146387726,0.06097560975609756
2,cross street,ramp closed,night,PM peak,any,82,-0.04959777587961023,0.02938879377154685,0.10143922316629106,0.022685573981155036,0.036585365853658534
2,cross street,unspecified,unspecified,AM peak,any,367,-0.17922060275335616,0.0027065714962916654,0.19525752884886022,0.06232015729061238,0.10899182561307902
2,cross street,unspecified,unspecified,Inter-peak,any,367,-0.14816179644227595,-0.0009473746779786185,0.14524121078732896,0.03539496587484708,0.1008174386920981
2,cross street,unspecified,unspecified,Night,any,367,-0.17910042590748046,0.0158057682906958,0.357831377919952,0.10054537972647842,0.11716621253405994
2,cross street,unspecified,unspecified,PM peak,any,367,-0.13083862585485334,0.004654215645324866,0.16635426429240852,0.05527887376139037,0.09264305177111716
2,same street,lanes closed,24 hours,AM peak,any,118,-0.5987498918168905,-0.08317923946401223,0.06416616349403079,-0.17023953453357848,0.4067796610169492
2,same street,lanes closed,24 hours,Inter-peak,any,118,-0.5047356778577647,-0.07759633614875777,0.07964721564402451,-0.17297436363661045,0.3983050847457627
2,same street,lanes closed,24 hours,Night,any,118,-0.5719121392995886,-0.09912873971497282,0.10866701355025243,-0.16894919437835487,0.4067796610169492
2,same street,lanes closed,24 hours,PM peak,any,118,-0.5772285472670711,-0.08839022719615466,0.07642266461239987,-0.18299117331484482,0.423728813559322
2,same street,lanes closed,day,AM peak,any,77,-0.11197643360532476,-0.013123974689477347,0.20038284281851484,0.0015438330083446146,0.03896103896103896
2,same street,lanes closed,day,Inter-peak,any,77,-0.17064462296736138,-0.0012320918428127547,0.12763229853277694,-0.002500484192760965,0.12987012987012986
2,same street,lanes closed,day,Night,any,77,-0.12953010936060907,0.017707452846733807,0.11049976727191202,0.00493997085540705,0.07792207792207792
2,same street,lanes closed,day,PM peak,any,77,-0.12242424242424244,-0.0019293692157949516,0.10378536301307478,0.004995288536883868,0.05194805194805195
2,same street,lanes closed,night,AM peak,any,489,-0.17400174876129404,0.009060038967337869,0.10945010842820257,0.09694421292219102,0.12065439672801637
2,same street,lanes closed,night,Inter-peak,any,489,-0.09950594095790288,0.008241837411025577,0.0932049414424974,0.11863663827720765,0.07157464212678936
2,same street,lanes closed,night,Night,any,489,-0.3109349179372004,-0.00963660631941593,0.07839191571790674,0.08996057506219528,0.18813905930470348
2,same street,lanes closed,night,PM peak,any,489,-0.10426322886195773,0.009367567829927648,0.10235319058082637,0.1804935301202836,0.07770961145194274
2,same street,ramp closed,night,AM peak,any,45,-0.16283144269541905,-0.0064526608980503,0.07981414765292663,-0.010446561224083776,0.13333333333333333
2,same street,ramp closed,night,Inter-peak,any,45,-0.1779497213086316,-0.01598556142838725,0.08268913469334456,-0.03116600680254362,0.15555555555555556
2,same street,ramp closed,night,Night,any,45,-0.13521633195956628,0.0059797990119806466,0.08583391486392178,-0.0062588929349073185,0.1111111111111111
2,same street,ramp closed,night,PM peak,any,45,-0.14005989403363284,-0.00644819362247151,0.06329702068199361,-0.01634493112799585,0.022222222222222223
2,same street,unspecified,unspecified,AM peak,any,1001,-0.2716049382716049,-0.003667169759463851,0.3069956277326671,0.01772918157438857,0.17282717282717283
2,same street,unspecified,unspecified,Inter-peak,any,1002,-0.2544217157516773,-0.00668068555505566,0.14710065108156611,-0.013276561132464821,0.16966067864271456
2,same street,unspecified,unspecified,Night,any,1002,-0.29190842947586476,-0.008718969344458927,0.27133257843634423,0.009840995848889127,0.19760479041916168
2,same street,unspecified,unspecified,PM peak,any,1001,-0.2713912181047696,-0.0066857492747420255,0.187520457427794,0.00539419888054086,0.16783216783216784
3,cross street,any,any,AM peak,any,1090,-0.19882703802779306,0.00948681867791537,0.15993964248839268,0.020133660718681386,0.11926605504587157
3,cross street,any,any,Inter-peak,any,1089,-0.17011396129364212,-0.00091067456534355,0.10756502234970478,-0.012291289420317188,0.10835629017447199
3,cross street,any,any,Night,any,1090,-0.2629138249325589,0.0007952420099590352,0.161294563834053,0.07627174391301035,0.1651376146788991
3,cross street,any,any,PM peak,any,1089,-0.16289194586969793,0.004979390241814929,0.11499573638689253,-0.0022124885413310758,0.10651974288337925
3,same street,any,any,AM peak,any,1792,-0.2683113469161738,-0.003049232136684621,0.20762231824896446,0.022726380968184627,0.16796875
3,same street,any,any,Inter-peak,any,1793,-0.24230908203666,-0.0037523452157598447,0.104860854956445,0.009597872054038187,0.15839375348577803
3,same street,any,any,Night,any,1793,-0.30963314953564675,-0.011410277458545393,0.15071473189500798,0.01599702495710699,0.20356943669827104
3,same street,any,any,PM peak,any,1792,-0.2648127047840834,-0.00453394830014614,0.13136964949442476,0.03663960405762867,0.15513392857142858
